nvalues,tauhats,sehats,lb,ub
10,19.422878569838034,81.55049345677851,-140.41608860544784,179.26184574512394
12,86.94209035545119,107.30692164637219,-123.3794760714383,297.26365678234066
14,23.149575622931707,58.552581920208546,-91.61348494067704,137.91263618654045
16,83.66315693490108,51.07370643837323,-16.441307684310445,183.76762155411262
18,51.75688554013979,124.01552087804765,-191.3135353808336,294.82730646111315
20,-152.4641727078991,118.6654786923662,-385.0485109449369,80.12016552913863
22,152.36970102581185,95.95436259050264,-35.70084965157332,340.440251703197
24,52.976172472556385,61.4378080185643,-67.44193124382963,173.3942761889424
26,2.745151160770334,76.7175189613094,-147.62118600339608,153.11148832493677
28,69.19494258335162,70.3119699761653,-68.61651856993238,207.0064037366356
30,63.06145815566629,70.96498310677559,-76.02990873361387,202.15282504494644
32,-34.38039135550392,68.8662261358406,-169.3581945817515,100.59741187074366
34,-2.5140835212953903,58.45262009865168,-117.08121891465268,112.0530518720619
36,101.4303517963572,59.36304843024542,-14.92122312692382,217.78192671963822
38,5.750924861811042,64.44407873664494,-120.55946946201304,132.0613191856351
40,-118.13521148701886,58.65383209157902,-233.09672238651376,-3.1737005875239817
42,-20.504164998812602,41.806135116197616,-102.44418982655992,61.435859828934724
44,116.8106281445277,51.53736199322898,15.797398637798906,217.8238576512565
46,-35.493176809179914,41.62824236970995,-117.08453185381141,46.098178235451584
48,36.70040792196907,76.0100375514077,-112.27926567879004,185.68008152272816
50,59.57827905711247,45.61648252125442,-29.830026684546198,148.98658479877113
52,79.43283194303237,69.37962962915111,-56.551242130103816,215.41690601616855
54,87.28939191209469,52.436043919384474,-15.48525416989888,190.06403799408827
56,-86.62156942160901,63.96709100127697,-211.99706778411186,38.75392894089384
58,-8.457777167865153,39.67250220719854,-86.21588149397428,69.30032715824399
60,19.814932580906913,80.15058506985487,-137.28021415600864,176.91007931782246
62,-96.81304109260579,35.89918937552005,-167.1754522686251,-26.45062991658648
64,-16.128829193255548,22.28718177462761,-59.81170547152566,27.554047085014567
66,66.62759541796238,31.98183143615393,3.943205803100682,129.31198503282408
68,-38.93321874099688,33.6878309932012,-104.96136748767124,27.094930005677483
70,-17.480619922238702,43.72884876756092,-103.1891635066581,68.2279236621807
72,-3.7988500167245434,39.23679234094136,-80.70296300496962,73.10526297152053
74,29.59707745348318,35.900517648214404,-40.76793713701704,99.9620920439834
76,55.21577903472344,37.48941576806533,-18.2634758706846,128.69503394013148
78,-162.61801170777977,51.30515441866717,-263.1761143683674,-62.05990904719212
80,0.010204715058273806,48.87610907067769,-95.78696906347,95.80737849358655
82,85.6065650041182,57.350331748082574,-26.80008522212364,198.01321523036003
84,-14.896641555625804,42.920544032450465,-99.02090785922871,69.2276247479771
86,-1.861734558343798,32.05408869766496,-64.68774840576711,60.96427928907952
88,8.575279584260457,36.416757577366624,-62.80156526737812,79.95212443589904
90,1.2460350536543174,32.201056906376614,-61.86803648284385,64.36010659015248
92,18.129687181973186,29.830677860219303,-40.338441424056654,76.59781578800302
94,25.948320426464754,53.67019342775805,-79.24525869194102,131.14189954487054
96,15.556170572166646,40.028065281860925,-62.89883738028077,94.01117852461407
98,-22.137463091450982,41.41097316136857,-103.30297048773338,59.02804430483141
100,-21.08870397059882,40.713665539578386,-100.88748842817245,58.71008048697481
102,1.5241734742104995,28.22568477149348,-53.79816867791672,56.84651562633772
104,-12.777862117970955,37.41625631743219,-86.11372450013805,60.55800026419614
106,-26.467264143486556,31.596771807772456,-88.39693688672057,35.46240859974746
108,51.25918951646571,34.63853330135301,-16.632335754186187,119.15071478711761
110,70.30855831290569,44.59050302604487,-17.08882761814226,157.70594424395364
112,16.908381429843473,32.756512154161214,-47.2943823923125,81.11114525199945
114,12.22155465964503,25.66762858467599,-38.08699736631991,62.53010668560997
116,-17.23462238483979,23.970650873406584,-64.21709809671668,29.747853327037113
118,4.762068489726464,30.86128285473874,-55.72604590556146,65.2501828850144
120,61.13439534072415,23.454587094894073,15.163404634731762,107.10538604671653
122,8.936536412271362,22.502463930611054,-35.168292891726296,53.04136571626903
124,33.45536693486785,36.814391751967996,-38.70084089898942,105.61157476872512
126,-5.717748646044397,19.710243292217505,-44.34982549879071,32.91432820670191
128,7.175337665994231,23.02280126564271,-37.949352814665474,52.30002814665394
130,-96.95993175555165,35.433632631617186,-166.40985171352133,-27.510011797581967
132,-6.176268519480489,30.940599341571385,-66.81984322896041,54.46730618999943
134,5.4446535630455575,28.705797312741357,-50.8187091699275,61.70801629601861
136,-28.70238263330041,29.57094151237276,-86.66142799755102,29.256662730950197
138,-85.92999966987534,28.954352997008733,-142.68053154401247,-29.179467795738226
140,-10.69739161303695,30.739135085165394,-70.94609637996112,49.55131315388722
142,-15.417375308953272,22.073040559707973,-58.6805348059809,27.845784188074358
144,6.452600734087426,22.490745421448075,-37.6292602919508,50.53446176012565
146,21.752942477151237,35.08544516986943,-47.01453005579285,90.52041501009532
148,84.16958631294652,28.634240346154574,28.04647523448356,140.2926973914095
150,26.31827260564205,23.488722490099647,-19.71962347495326,72.35616868623737
152,24.873367010963563,34.09648618665225,-41.95574591487484,91.70247993680196
154,-4.1076668275357004,38.883374202825024,-80.31908026507274,72.10374661000135
156,-37.21145681784857,27.714063391891756,-91.53102106595641,17.108107430259267
158,10.642572136161274,20.47669230770756,-29.491744786945542,50.776889059268086
160,-10.298997247459573,28.569806571886705,-66.29581812835751,45.69782363343837
162,-11.024222102246279,28.146381065540794,-66.19112899070623,44.14268478621368
164,-4.895845581610776,34.544167986928244,-72.60241483599013,62.81072367276858
166,-21.306558120876556,26.775132471706424,-73.78581776542114,31.172701523668035
168,-3.7878745653215375,23.49781212906497,-49.84358633828888,42.267837207645805
170,0.2479159526378485,29.043192358454466,-56.6767410699329,57.172572975208595
172,26.795172612875916,26.713480145848788,-25.56324847298771,79.15359369873954
174,23.186706159311505,18.227482372644353,-12.539159291071428,58.91257160969444
176,-19.218881396873787,28.253384557840313,-74.5955151302408,36.15775233649323
178,36.996329403553915,24.897656398495407,-11.803077137497084,85.79573594460491
180,-21.522586686046463,23.05658309695704,-66.71348955608227,23.668316183989337
182,41.10324558311675,19.590711978131075,2.7054501059798426,79.50104106025367
184,-15.51599329577509,28.89745632509985,-72.1550076929708,41.12302110142061
186,9.760528414549652,25.94766928952202,-41.096903392913504,60.61796022201281
188,-8.35688795169902,17.383895512152428,-42.42932315551778,25.715547252119734
190,9.743312792946744,22.41752275570206,-34.19503180822929,53.68165739412278
192,10.930950182946082,22.418559544480804,-33.00942652423629,54.87132689012846
194,40.655031203989225,29.147447997054766,-16.473966870238115,97.78402927821656
196,-35.43539236535497,24.39766268268321,-83.25481122341407,12.384026492704123
198,30.371921169777647,20.389535269560987,-9.591567958561885,70.33541029811718
200,-7.833691089530497,32.7566103077461,-72.03664729271284,56.369265113651856
202,6.821582248382802,19.10325345257769,-30.62079451866947,44.26395901543508
204,-45.741196663450104,24.510423901626208,-93.78162751063746,2.299234183737262
206,-8.851017959457751,16.431854417538467,-41.05745261783314,23.355416698917644
208,-1.0421443138534272,20.97454215366648,-42.15224693503973,40.06795830733287
210,53.48586848443179,20.989730237079733,12.345997219755517,94.62573974910806
212,13.23671143109724,26.84165116269796,-39.37292484779076,65.84634770998524
214,-13.72293508177572,27.483214898433783,-67.59003628270594,40.14416611915449
216,30.728343285887917,24.23219150158933,-16.766752057227173,78.223438629003
218,4.121836566184626,29.130050537823816,-52.97306248795005,61.216735620319305
220,21.96468228359967,20.75771806641461,-18.72044512657297,62.64980969377231
222,-15.904871074728526,30.039240677957334,-74.78178280352489,42.97204065406785
224,79.6916920022198,25.791359383797797,29.140627609976114,130.24275639446347
226,-12.059362988709045,20.310168355618565,-51.86729296572143,27.748566988303338
228,6.192099133757987,16.977366911648343,-27.083540013072763,39.46773828058873
230,18.49230835068275,22.964711390273276,-26.51852597425287,63.50314267561838
232,-2.7367613837700637,21.64275344740226,-45.15655814067849,39.68303537313836
234,22.90880148608592,27.290373284894798,-30.58033015230788,76.39793312447972
236,18.33510591157515,22.442483033547663,-25.652160834178268,62.322372657328565
238,-18.859828124032383,31.911123893827945,-81.40563095593515,43.685974707870386
240,13.179159772776451,27.42582036973245,-40.575448151899145,66.93376769745205
242,-33.60808764761025,22.55161946654864,-77.80926180204558,10.593086506825088
244,-8.209899354478098,20.908584538615447,-49.190725050164374,32.77092634120818
246,-49.00602293828372,21.991457694970183,-92.10928002042527,-5.90276585614216
248,-29.137194910078012,16.694669543148848,-61.85874721464975,3.5843573944937326
250,-20.846750001685443,21.117682741830784,-62.23740817567378,20.543908172302892
252,-2.5055232719662897,28.784609808813133,-58.92335849724003,53.91231195330745
254,-0.9571549107884634,22.809475161846873,-45.66372622800833,43.74941640643141
256,-1.3787643949156987,28.01782467958196,-56.293700766896336,53.53617197706494
258,-54.57214882996552,23.10650586037634,-99.86090031630314,-9.28339734362789
260,1.6924603654873631,18.44781947642267,-34.46526580830107,37.850186539275796
262,-52.55534296574723,30.19013340960691,-111.72800444857677,6.617318517082317
264,-22.75340684896911,22.178303620212994,-66.22288194458658,20.71606824664836
266,14.744456669105379,24.86067214132682,-33.98246072789519,63.47137406610594
268,6.771494205328896,17.5338161877163,-27.594785522595057,41.137773933252845
270,-78.38570129045655,35.9114616532286,-148.77216613078463,-7.9992364501284925
272,-11.885879737871855,22.27167072330084,-55.5383543555415,31.766594879797793
274,8.959152509484687,19.88563313030799,-30.01668842591897,47.93499344488835
276,-2.0958102304220176,15.080347214954307,-31.653290771732458,27.461670310888422
278,4.611439073026391,20.76245828363052,-36.08297916288943,45.30585730894221
280,-23.42866892797099,24.712332690717627,-71.86484100177753,25.007503145835557
282,17.375985730758902,24.033830026908714,-29.730321121982175,64.48229258349998
284,4.3439147824444815,21.441760864699262,-37.68193651236607,46.36976607725503
286,-12.80092270478315,23.17737527544086,-58.22857824464724,32.62673283508093
288,-32.917311751711566,17.989780810676514,-68.17728214063753,2.3426586372143987
290,-22.41701542079493,20.42820720349997,-62.45630153965487,17.622270698065012
292,3.5636194173256666,15.832830168717079,-27.468727713359804,34.59596654801114
294,2.2702765859605996,15.598302830622673,-28.30239696205984,32.84295013398104
296,39.45899939619855,22.047030966970983,-3.753181299064579,82.67118009146168
298,-8.662522550986374,21.288404596298896,-50.38779555973221,33.06275045775946
300,-8.913896618665202,17.04848732876957,-42.32893178305356,24.501138545723155
302,0.7508652833850319,19.589435822198254,-37.644428928123546,39.14615949489361
304,24.13660169794286,22.53362733933442,-20.0293078871526,68.30251128303833
306,29.733850417683975,18.399148859375835,-6.328481346692662,65.79618218206062
308,46.533578246696834,29.080926793625565,-10.465038268809273,103.53219476220295
310,-0.4587930668477611,26.759269308535337,-52.90696091157702,51.9893747778815
312,22.584094664198428,20.2705218616619,-17.146128184658895,62.314317513055755
314,10.26417256183672,15.72862744568768,-20.563937231711133,41.09228235538457
316,-14.564802988324029,19.35729835366453,-52.50510776150651,23.375501784858447
318,-7.714617887256647,22.9704508689892,-52.73670159047548,37.30746581596219
320,-11.81328668424544,19.97014025648325,-50.954761586952614,27.328188218461733
322,-19.190292866053515,20.086019767160796,-58.55889160968867,20.178305877581646
324,-50.448534411366104,23.562608966287346,-96.63124798528929,-4.265820837442909
326,-23.30396727863862,19.016562379004323,-60.57642954148709,13.968494984209851
328,-16.813041455451447,21.457118408404863,-58.86899353592498,25.242910625022084
330,-48.31712327109895,21.943190039270192,-91.32577574806852,-5.308470794129377
332,-20.320391684478572,20.055380068943496,-59.62893661960782,18.988153250650676
334,-14.081836716055804,23.290070710562084,-59.73037530875749,31.56670187664588
336,-2.715519416256435,19.353604115540165,-40.64858348271515,35.217544650202285
338,-6.130168737029383,19.441561648993655,-44.23562956905694,31.975292094998178
340,10.95509184103668,22.68688263367779,-33.511198120971784,55.42138180304515
342,0.47520911377417274,14.020501386765403,-27.004973604286015,27.955391831834362
344,15.336291568482553,21.220632586400303,-26.256148300862044,56.928731437827146
346,-7.915599378634379,20.1189745488436,-47.348789494367836,31.517590737099074
348,-39.36215126829626,19.05492309820568,-76.70980054077938,-2.014501995813127
350,-3.712217792139512,22.531933702736318,-47.874807849502695,40.45037226522367
352,3.8602474031835285,25.23409773552803,-45.59858415845141,53.319078964818466
354,-13.426516509647247,21.461134902382096,-55.49034091831615,28.63730789902166
356,-4.88934160827718,22.291507114726176,-48.58069555314048,38.802012336586124
358,-9.463197127757656,20.386508506205576,-49.42075379992059,30.494359544405274
360,4.567213871309372,13.96675823234831,-22.807632264093314,31.94206000671206
362,-2.5694182759798423,26.185705112175253,-53.893400295843335,48.75456374388365
364,21.14405801455939,18.06818574926287,-14.26958605399583,56.55770208311461
366,-11.4337425446598,16.28472079285017,-43.35179529864613,20.48431020932653
368,9.664318214525847,16.22061883019539,-22.128094692657122,41.45673112170881
370,-17.311059348223242,16.587231401725585,-49.82203289560539,15.1999141991589
372,23.36324813586417,20.296205191871206,-16.417314040203394,63.14381031193173
374,-27.428581701090987,18.227559158206635,-63.15459765117599,8.29743424899402
376,24.91511831445034,18.619376782543032,-11.578860179334,61.40909680823468
378,33.69465576912916,17.29079095305127,-0.19529449885132522,67.58460603710965
380,-13.827152473559131,13.726354936297147,-40.73080814870154,13.076503201583275
382,-3.1654548472621418,13.64232961732766,-29.904420897224355,23.573511202700068
384,-15.998296836097943,22.440207332859273,-59.98110320850212,27.984509536306234
386,-3.448208742040072,19.22439014570983,-41.12801342763134,34.23159594355119
388,-3.3075483184484704,20.232250322310993,-42.962758950178014,36.34766231328108
390,-24.17905660880064,23.04630339139186,-69.34981125592869,20.991698038327403
392,6.985899457486976,28.18634835507442,-48.25934331845889,62.231142233432834
394,-14.52719548813678,16.48461407531868,-46.837039075761396,17.782648099487833
396,2.656851301023707,22.67117925221303,-41.77866003331383,47.09236263536124
398,-16.216247134637058,13.810236184202756,-43.28431005567446,10.851815786400344
400,-25.185356134297685,14.589402991147267,-53.78058599694633,3.4098737283509593
402,20.83024531924861,16.392390618841954,-11.298840293681621,52.959330932178844
404,1.0154254913385774,17.445828421540202,-33.17839821488022,35.20924919755737
406,5.659548105281409,24.67707809512695,-42.707524961167415,54.026621171730234
408,17.529496810707588,16.186860255853695,-14.196749290765652,49.25574291218083
410,-15.939277440358136,20.442869726280115,-56.00730210386716,24.128747223150885
412,22.880869897176076,12.002018475245336,-0.6430863143047816,46.404826108656934
414,-22.376692452219473,19.366426573621045,-60.33488853651672,15.581503632077776
416,26.263689131830404,15.742432116987018,-4.591477817464153,57.11885608112496
418,-14.522539290756754,17.442055565987285,-48.70896820009183,19.663889618578324
420,-8.842593539952952,13.004285057766854,-34.330992253175985,16.645805173270084
422,-13.86779276495317,16.421935912159658,-46.0547871527861,18.319201622879753
424,-2.762028490987272,22.921208836288603,-47.68759781011293,42.163540828138395
426,39.55352406784086,17.170420527404143,5.89949983412874,73.20754830155298
428,14.025058327841343,18.545679530497022,-22.32447355193282,50.374590207615505
430,-12.273000349251877,15.123964732247147,-41.915971224456285,17.36997052595253
432,10.441135868235005,15.008233224389688,-18.975001251568784,39.857272988038794
434,45.79831461713933,19.73566758417389,7.116406152158511,84.48022308212015
436,14.51177188711251,15.482140960295299,-15.833224395066274,44.85676816929129
438,-9.654792242237113,18.132072902088662,-45.19365513033089,25.88407064585666
440,4.383462856649633,19.372491954347307,-33.58662137387108,42.353547087170355
442,-7.406229827081424,14.8092340583383,-36.43232858142449,21.619868927261642
444,3.46922833430029,18.238946319346315,-32.27910645161849,39.21756312021907
446,13.848013668144384,20.566248454393545,-26.461833302466964,54.15786063875573
448,18.50147147305971,19.559504868053644,-19.835158068325434,56.83810101444485
450,-0.4414535078832029,22.539199505988222,-44.61828453962012,43.735377523853714
452,-16.046413994983673,18.840547060473153,-52.97388623351105,20.881058243543706
454,19.887840686525468,19.46472710596944,-18.263024441174633,58.038705814225565
456,38.81157827170375,23.083722685712253,-6.432518192292264,84.05567473569977
458,-0.8762952944399545,10.464847835506935,-21.38739705203355,19.634806463153637
460,-22.118447051009433,21.512943682511256,-64.2838166687315,20.04692256671263
462,-10.269320799549444,20.854074961862487,-51.143307724799925,30.604666125701034
464,-12.690812260897433,15.614112760508865,-43.29447327149481,17.91284874969994
466,38.28887918049059,17.389622040402514,4.20521998130166,72.37253837967953
468,23.011704842876426,18.724993870318926,-13.689283142948668,59.71269282870152
470,-6.062012554383125,19.181796944199746,-43.65833456501463,31.53430945624838
472,3.6303509871226556,14.451994146090117,-24.695557539213972,31.956259513459287
474,18.144845183181616,17.70114662996146,-16.549402211542848,52.83909257790608
476,-21.101803439627798,13.199925747722716,-46.973657905164316,4.7700510259087245
478,-39.71610358913758,15.6898604854817,-70.46823014068171,-8.963977037593448
480,1.532746059988364,22.206463854272066,-41.99192309438489,45.05741521436161
482,-2.9019645286372606,13.103322613490649,-28.584476851078932,22.78054779380441
484,-11.2576572335781,14.839109724422835,-40.34231229344685,17.826997826290654
486,-0.33588760687663566,16.50770335595306,-32.69098618454463,32.01921097079136
488,50.368333418274545,21.87687470441571,7.489658997619756,93.24700783892933
490,4.910462787523098,12.996909235734378,-20.563479314516282,30.38440488956248
492,9.766491864324292,15.283241313962238,-20.188661111041696,39.72164483969028
494,9.9686407400299,14.985733768478141,-19.403397446187256,39.34067892624706
496,17.64561050817882,15.686296813193291,-13.09953124568003,48.390752262037665
498,13.949787918869598,17.303484458606896,-19.965041619999916,47.86461745773911
500,-8.548370897089821,12.72167740420363,-33.482858609328936,16.386116815149293
502,-0.600403015289872,18.26715202194671,-36.404020978305425,35.203214947725684
504,-13.099314117015133,10.499033388390094,-33.677419558259714,7.4787913242294515
506,21.309852932834456,15.49742390875165,-9.065097928318774,51.68480379398768
508,-18.725033117306953,17.233250664423874,-52.50220441957775,15.052138184963841
510,-9.980317461352705,13.604743203625167,-36.645614140458036,16.684979217752623
512,7.4825986323650024,10.856891777409764,-13.796909251358136,28.76210651608814
514,-6.294910618576058,15.725795773206501,-37.1174703340608,24.527649096908686
516,-16.14124483990525,17.592234371094126,-50.62202420724974,18.33953452743923
518,-26.195490992377678,14.34627796989657,-54.31419581337495,1.9232138286195983
520,-10.341038522887802,12.865036112222894,-35.556509302844674,14.874432257069069
522,-8.9538159524302,22.529019828416292,-53.11069481612613,35.20306291126573
524,-4.1169534122859,15.305969836191396,-34.11665429122104,25.882747466649235
526,11.945748199853373,12.350045492684265,-12.260340965807785,36.15183736551453
528,-47.85173848865753,16.057567991411734,-79.32457175182452,-16.378905225490534
530,0.1256303595375306,14.34182683138989,-27.984350229986653,28.235610949061716
532,7.833443311312214,13.097694807536978,-17.83803851146026,33.504925134084694
534,17.735271058565758,16.57796537159597,-14.75754106976234,50.228083186893855
536,-38.387978370059365,28.076434084662758,-93.41778917599837,16.641832435879635
538,-16.89561210027996,19.570374777089064,-55.25354666337452,21.46232246281461
540,-31.49227992991012,16.895801061745534,-64.60805001093136,1.6234901511111275
542,5.8446353745738415,15.682325786940108,-24.89272316782877,36.58199391697645
544,-23.369068633013573,17.12793177413377,-56.93981491031576,10.201677644288619
546,-12.322655183585436,18.202340906235598,-47.99924335980721,23.353932992636334
548,6.500618391960895,14.181785884738812,-21.295681942127175,34.296918726048965
550,12.644278157905138,11.3225524178999,-9.547924581178666,34.836480896988945
552,-3.4592613545029747,14.302085426170027,-31.491348789796227,24.57282608079028
554,30.499593966137006,21.468374357436982,-11.578419774439482,72.5776077067135
556,26.134965372586993,16.862655711761366,-6.9158398224652835,59.18577056763927
558,17.949001439687066,11.803280910467052,-5.185429144828355,41.08343202420249
560,-27.767167246028276,14.256634703204552,-55.710171264309196,0.17583677225264793
562,-15.316506406186486,13.536501903875093,-41.84805013778167,11.215037325408696
564,15.038947395479763,16.46632228703983,-17.235044287118303,47.31293907807783
566,20.367251628808738,17.344623699856935,-13.628210822910852,54.36271408052833
568,12.579964825692983,18.23732786282961,-23.165197785453053,48.32512743683902
570,13.944478660759161,13.39005433106399,-12.30002782812626,40.18898514964458
572,14.402332773015571,13.519958703429191,-12.096786285705642,40.901451831736786
574,6.715260047251145,14.176030945733045,-21.06976060638562,34.50028070088791
576,16.830063197442577,11.587431672726398,-5.881302881101163,39.54142927598632
578,19.017253106160176,14.92019911989712,-10.226337168838178,48.26084338115853
580,9.44893332560234,15.397625663493566,-20.73041297484505,39.62827962604973
582,23.525732818936778,12.726450955320232,-1.4181110534908754,48.46957669136443
584,9.110811172689829,18.380045437259906,-26.914077884339584,45.13570022971924
586,5.79921619194016,12.623179336148402,-18.942215306910708,30.54064769079103
588,-27.096065063868377,13.344713055261364,-53.251702652180654,-0.9404274755561026
590,23.058163115303387,17.320682163058873,-10.890373924292,57.00670015489877
592,7.09568885245852,12.538918780720172,-17.480591957753017,31.671969662670055
594,33.8823388703314,10.606783218462612,13.093043762144685,54.671633978518116
596,-8.710662286043853,12.248079735980493,-32.71689856856562,15.295573996477913
598,-17.810385928536462,16.112156117322556,-49.390211918488674,13.769440061415747
600,6.155066766087767,13.264620196739472,-19.843588819521596,32.15372235169713
602,-10.590527171060456,13.633267597676914,-37.311731662507206,16.130677320386297
604,3.4322979907401976,14.487791454373005,-24.963773259830894,31.828369241311286
606,-5.682896697277664,14.832930376503127,-34.755440235223794,23.389646840668462
608,-16.5737098636828,12.538098967363176,-41.148383839714626,8.000964112349024
610,1.2075199906738208,13.424757459995133,-25.10500463091664,27.52004461226428
612,-18.519858186507783,10.458627347556146,-39.01876778771783,1.979051414702262
614,3.5093748687535093,11.995157294715884,-20.001133428889624,27.019883166396646
616,0.6435650906729883,13.930737705697904,-26.660680812494903,27.947810993840882
618,-7.856892682338021,13.848798268314042,-35.000537288233545,19.2867519235575
620,5.798527126193289,19.37699559043048,-32.18038423105045,43.777438483437024
622,2.971342109784068,14.222776688087203,-24.90530019886685,30.847984418434987
624,18.200126808704553,9.27451196033449,0.022083366448953257,36.37817025096015
626,-6.603821720838475,15.315441187482548,-36.62208644830427,23.41444300662732
628,2.2141604387495546,13.588437663496784,-24.41917738170414,28.847498259203253
630,-13.296393360958863,10.16360348616103,-33.21705619383448,6.6242694719167545
632,-11.010536504690627,16.807712934909876,-43.953653857113984,21.93258084773273
634,-21.781216687441145,11.44039420789871,-44.20438933492261,0.641955960040324
636,12.4602038612183,15.698817431888129,-18.309478305282433,43.22988602771903
638,-4.887482170366532,16.882537692059,-37.97725604680217,28.202291706069104
640,21.24313236151601,10.013904321481663,1.6158798914119537,40.87038483162007
642,11.179774889456064,11.682271742163248,-11.717477725183903,34.07702750409603
644,-6.488510272696649,14.331835884915591,-34.578908607131204,21.60188806173791
646,2.355536859844003,14.042590471854542,-25.1679404649909,29.8790141846789
648,33.96312373279919,13.208101146580342,8.075245485501721,59.851001980096655
650,-6.8778277111350405,11.826516290209097,-30.05779963994487,16.30214421767479
652,-5.243714768638665,10.908686986549805,-26.62474126227628,16.137311724998952
654,1.7115328856994931,13.978057001479673,-25.685458837200663,29.10852460859965
656,-8.072887000680824,13.85753333430034,-35.23365233590949,19.087878334547845
658,6.2304611151688185,12.4780102269733,-18.226438929698848,30.687361160036485
660,14.157849847708796,10.512586109083303,-6.446818926094476,34.76251862151207
662,21.974843784078168,14.166350860122371,-5.79120390176168,49.74089146991801
664,10.748795280058488,11.582086396702085,-11.952094057477598,33.44968461759457
666,32.17051818168707,16.840681249203538,-0.8372170667518617,65.178253430126
668,22.337013435472926,19.461613821471495,-15.807749654611207,60.48177652555706
670,0.8344319158358575,9.281017642359426,-17.35636266318862,19.025226494860334
672,13.622890369612778,8.65148271938985,-3.3340157603913294,30.579796499616883
674,-5.168126796050708,12.832675269896503,-30.320170325047854,19.98391673294644
676,-5.125192627299963,15.64121948289689,-35.781982813777866,25.53159755917794
678,-23.07750900616529,10.112654617626498,-42.89831205671322,-3.2567059556173525
680,25.496291673272193,16.4362153690633,-6.718690450091881,57.71127379663626
682,-3.95542251976684,13.443727555212094,-30.305128527982546,22.394283488448863
684,-7.191300847943987,12.08574649938465,-30.8793639867379,16.496762290849922
686,16.233073325770906,12.372183363045894,-8.016406065799046,40.48255271734086
688,12.512321818384873,11.94811863234954,-10.905990701020226,35.93063433778997
690,-14.533507483910796,15.006456955381113,-43.946163116457775,14.879148148636183
692,5.472807524911618,15.469900446124058,-24.848197349491535,35.79381239931477
694,-28.495186361451232,15.575582273911872,-59.023327618318504,2.0329548954160366
696,-19.81560135309176,13.957455291856704,-47.1722137251309,7.541011018947376
698,-6.067185860155195,13.185467694214285,-31.910702540815194,19.776330820504803
700,-16.648127387456107,11.597675296223281,-39.37957096805374,6.083316193141524
702,13.572518535246878,14.67838763872751,-15.197121236659044,42.3421583071528
704,-4.647171982479519,13.918225104913388,-31.92689318810976,22.63254922315072
706,-8.857700108628926,8.701951847871053,-25.91352573045619,8.198125513198338
708,-25.450736674669436,13.09089321456224,-51.108887375211424,0.2074140258725521
710,4.180784281211914,13.413943752413045,-22.110545473517654,30.47211403594148
712,-5.038920424879706,13.759238553899833,-32.007027990523376,21.929187140763965
714,2.409952614103644,17.102162997621253,-31.11028686123401,35.9301920894413
716,-21.30606872668711,16.582298051866058,-53.80737290834458,11.195235454970366
718,2.307356996788976,11.867199023002481,-20.952353088295887,25.567067081873837
720,-2.638963064961496,11.635993152842698,-25.445509644533182,20.167583514610193
722,-13.443671165444869,12.606739707268916,-38.152880991691944,11.265538660802207
724,12.436051762985564,12.585155978638884,-12.23085395514665,37.10295748111778
726,26.516083351248113,13.912408345037047,-0.7522370050244973,53.784403707520724
728,-3.706213116788805,13.110523887945336,-29.402839937161662,21.99041370358405
730,-11.77473097908547,12.78059383588826,-36.82469489742646,13.275232939255519
732,-25.31393657010258,12.727923694997742,-50.26066701229816,-0.36720612790700713
734,-13.947934212641744,11.095969096389528,-35.69603364156522,7.80016521628173
736,2.039692150208834,11.608466410209079,-20.712902013800964,24.79228631421863
738,3.5926320812276975,11.737661900809295,-19.41318524435852,26.598449406813916
740,11.24264705885259,10.909275325180435,-10.139532578501061,32.62482669620624
742,-10.20146955579651,9.40297311768135,-28.631296866451958,8.228357754858937
744,4.688387914878892,10.784775716996359,-16.449772490433972,25.826548320191755
746,-10.152093440101606,14.114543036282434,-37.81659779121517,17.512410911011965
748,5.946457083195187,12.141977771886017,-17.851819349701405,29.74473351609178
750,5.0756726800723575,13.31102925714656,-21.013944663934897,31.165290024079614
752,-1.4606139320284468,15.447764938992993,-31.738233212454713,28.817005348397817
754,-6.43678329483994,12.126135777552044,-30.204009418841945,17.330442829162063
756,5.682064075092857,14.881449468294806,-23.48557688276496,34.84970503295067
758,-5.835124555005213,11.188059707284934,-27.763721581283683,16.09347247127326
760,23.541572980314214,13.572361653410791,-3.060255860370937,50.143401820999365
762,-9.4960646708331,14.12288687424368,-37.17692294435071,18.18479360268451
764,13.644932992479761,14.382969205798018,-14.545686650884354,41.835552635843875
766,18.470637135101235,11.839866314705862,-4.735500841722253,41.67677511192473
768,5.975860436710397,12.95175428258463,-19.409577957155477,31.361298830576274
770,-3.6545268714817785,9.027715016225514,-21.348848303283784,14.039794560320228
772,-10.187530737939161,13.951658323658089,-37.53278105230901,17.157719576430694
774,15.286525992308984,15.31035564186367,-14.721771065743805,45.29482305036177
776,5.192798164909497,15.070989254266426,-24.346340773452695,34.73193710327169
778,-7.151503508297353,8.977243491256942,-24.746900751160958,10.443893734566252
780,-11.082889253711818,10.631598094713189,-31.920821519349666,9.755043011926032
782,-22.576675222480556,12.49382379379626,-47.06456985832122,1.9112194133601115
784,4.63354136439184,9.944582050258704,-14.85783945411522,24.1249221828989
786,-10.364559713197021,11.59373480002301,-33.08827992124212,12.359160494848076
788,15.489727476177295,13.654267554485767,-11.272636930614807,42.252091882969395
790,-21.39993896156784,15.210373352070844,-51.212270731626695,8.412392808491013
792,2.8717307846455897,14.168625786792386,-24.898775757467487,30.642237326758664
794,13.382297370388395,14.396562960903257,-14.834966032981987,41.599560773758775
796,-19.064121610046122,13.562734922927675,-45.64708205898437,7.518838838892119
798,-14.346410666532305,13.45440420195037,-40.71704290235503,12.02422156929042
800,-9.811834506537885,12.785908082691318,-34.87221434861287,15.248545335537099
802,-30.188677817441206,19.82797942669094,-69.05151749375545,8.674161858873038
804,19.794157320839496,15.190691881817559,-9.97959876752292,49.56791340920191
806,5.089703766057925,8.998629122315842,-12.547609313681127,22.727016845796975
808,37.93107973077839,14.462937950662578,9.583721347479742,66.27843811407705
810,-4.48396330380381,12.170889819114374,-28.338907349267984,19.37098074166036
812,5.9117238682283,11.250877098768157,-16.139995245357287,27.963442981813888
814,18.25946050693206,13.847008137889373,-8.88067544333111,45.39959645719523
816,-5.097983007188144,13.329365261858738,-31.22353892043127,21.02757290605498
818,11.964296325536708,18.016007619420403,-23.347078608527283,47.2756712596007
820,9.46735312506519,10.642569748874095,-11.392083582728036,30.326789832858417
822,-7.776682876177039,11.054994279094377,-29.444471663202016,13.89110591084794
824,11.532426651154314,12.326765619030551,-12.628033962145565,35.69288726445419
826,-13.254732846252228,14.016226482271941,-40.726536751505236,14.217071059000777
828,-23.31790179380223,13.98526919780552,-50.729029421501046,4.0932258338965894
830,19.135080143961332,15.339629864551025,-10.930594390558678,49.200754678481346
832,-0.3283326087354741,10.661980765169867,-21.225814908468415,20.569149690997463
834,3.5408033133203265,14.823812011887242,-25.51386822997867,32.59547485661932
836,-21.046306360590652,16.730675765668387,-53.838430861300694,11.745818140119386
838,13.575708747386724,13.105284961494139,-12.110649777141788,39.262067271915235
840,11.590390144708529,10.74404216911493,-9.467932506756735,32.6487127961738
842,12.19374692522671,13.675852351779996,-14.610923684262081,38.9984175347155
844,-13.163700656604782,12.070482342234264,-36.82184604738394,10.494444734174376
846,-2.3506315981818906,13.362786730586773,-28.541693590131967,23.840430393768184
848,8.429320831706281,11.030479514977664,-13.19041901764994,30.049060681062503
850,-20.721973663421853,11.876354526308436,-43.999628534986385,2.55568120814268
852,-4.8499068833322845,16.166994331270473,-36.53721577262241,26.83740200595784
854,7.977744458280602,10.882687146110126,-13.352322348095244,29.30781126465645
856,15.265090696414562,8.278820275999411,-0.9613970445442828,31.491578437373406
858,-1.2399964282240878,13.566099610781185,-27.82955166535521,25.349558808907034
860,-4.825059389605824,10.02548568359223,-24.47501132944659,14.824892550234946
862,6.4856289615942595,10.509472201173496,-14.112936552705794,27.08419447589431
864,14.805913809668038,15.529502983532428,-15.631912038055521,45.2437396573916
866,19.565020219246183,16.948400745710796,-13.653845242346978,52.78388568083935
868,17.42986161049987,11.686630183127393,-5.475933548429822,40.33565676942956
870,-28.907848383610784,11.237722449750832,-50.933784385122415,-6.881912382099152
872,1.9432612976383838,16.735406540641296,-30.85813552201856,34.74465811729533
874,-7.3976974467811765,13.02211727722635,-32.92104731014482,18.12565241658247
876,-3.8083509696013618,11.74300082987832,-26.824632596162864,19.207930656960144
878,9.053070541170301,11.588021413158495,-13.659451428620349,31.76559251096095
880,6.322162033626313,10.071965146298258,-13.41888965311827,26.063213720370896
882,31.134447498099533,14.085640496028294,3.526592125884079,58.74230287031499
884,17.428388150631417,10.772533661784783,-3.685777826466758,38.54255412772959
886,-7.560849000504401,13.220725872545104,-33.473471710692806,18.351773709684004
888,-7.731003587194677,7.159558990039437,-21.76373920767197,6.301732033282618
890,-4.402655207178826,12.983380322189682,-29.850080638670605,21.04477022431295
892,4.553444580896153,13.864939758033286,-22.621837344849084,31.728726506641394
894,5.45624728143239,14.11326273014208,-22.205747669646087,33.118242232510866
896,-2.8920272463800294,10.44060683425172,-23.3556166415134,17.571562148753344
898,-1.4214743456900951,15.630938013582549,-32.05811285231189,29.2151641609317
900,-23.356098296131766,16.043379481603807,-54.80112208007523,8.088925487811697
902,1.947068757074531,8.147164488992821,-14.0213736413514,17.91551115550046
904,-5.394783414560518,9.702827094019876,-24.412324518839473,13.622757689718437
906,14.224006493736528,13.09294631567359,-11.438168284983707,39.88618127245677
908,4.647981141714173,9.553249698955275,-14.076388268238166,23.37235055166651
910,25.313500112186002,12.115030373968347,1.5680405792080414,49.05895964516397
912,20.601631501277772,14.559062147393464,-7.934130307613415,49.13739331016896
914,-1.7488811472875307,11.284132918684946,-23.865781667910024,20.368019373334963
916,-2.557518267624441,14.398619427245642,-30.778812345025898,25.663775809777015
918,5.085827667731903,6.890080591624425,-8.418730291851972,18.590385627315776
920,30.09991967655603,14.319360613324822,2.0339728744393817,58.16586647867268
922,-1.3229990880331117,9.474929475984764,-19.893860860963247,17.247862684897026
924,3.5904140409371292,17.418301547828804,-30.549456992807325,37.73028507468158
926,13.053315354108737,14.311113783828253,-14.99646766219464,41.10309837041211
928,22.918072348730185,14.383933035514133,-5.274436400877516,51.11058109833789
930,-9.187630578019803,10.331177141691729,-29.43673777573559,11.061476619695984
932,-2.5447662938399684,9.895162313376986,-21.939284428058862,16.84975184037892
934,-17.98462808116915,16.884929781339103,-51.07909045259379,15.109834290255492
936,-24.87427532885721,14.94716831106477,-54.170725218544156,4.422174560829738
938,-1.8718465865374299,9.732559849890318,-20.947663892322453,17.203970719247593
940,2.786032361603441,12.065186463358039,-20.861733106578313,26.4337978297852
942,-1.4299077277191783,13.946128390534986,-28.76431937316775,25.904503917729393
944,-9.74272203546098,12.159801082914429,-33.57593215797326,14.0904880870513
946,-16.857336953476583,12.71964975894424,-41.7878504810073,8.073176574054127
948,4.063852340705688,11.984925870264735,-19.426602365013196,27.55430704642457
950,12.088881289129299,13.788971033759456,-14.937501937039235,39.11526451529783
952,-6.513713950022083,10.484286991208743,-27.062916452791217,14.03548855274705
954,-19.536678472113,10.173434341265253,-39.476609780992895,0.40325283676689594
956,9.840498034749634,12.307280000806616,-14.28177076683133,33.9627668363306
958,6.316228513296753,10.153144273303758,-13.583934262378612,26.21639128897212
960,17.26647819304972,13.310818123774736,-8.82272532954876,43.3556817156482
962,7.395222795496941,11.038516934354469,-14.240270395837818,29.0307159868317
964,-3.558943920284884,12.39766534569475,-27.858367997846592,20.74048015727682
966,8.455620702999232,9.580327338832022,-10.321820881111533,27.233062287109995
968,10.627780225312463,11.0933348149284,-11.115156011947203,32.37071646257213
970,1.7480105643307247,9.159502385823824,-16.204614111883973,19.70063524054542
972,-11.07757878705446,10.401948132381792,-31.46539712652277,9.31023955241385
974,0.6911412078550541,11.280472443012373,-21.418584780449198,22.800867196159306
976,16.71227491485525,13.027438075729606,-8.821503713574778,42.24605354328528
978,12.694326693315373,9.481024564552337,-5.888481453207207,31.277134839837956
980,-7.883352174084804,8.54769937833328,-24.636842955618036,8.870138607448427
982,10.014683252739463,10.659759900052306,-10.878446151363057,30.907812656841983
984,5.296727592745434,7.438878583233478,-9.283474430392184,19.87692961588305
986,7.416960606869357,10.281458883265909,-12.734698804331824,27.568620018070536
988,-2.176817763104964,11.023003660265047,-23.781904937224457,19.42826941101453
990,-14.255065515789687,15.062918674852973,-43.778386118501516,15.26825508692214
992,2.024232399314995,8.680555925484562,-14.989657214634745,19.038122013264733
994,0.750468715638776,11.399707361986936,-21.59295771385562,23.093895145133168
996,6.040634180833855,13.500064247202301,-20.419491743682656,32.500760105350366
998,0.4055331356556331,11.962396375401452,-23.040763760131213,23.851830031442482
